url,page_type,current_primary_intent,target_query_or_need,gsc_or_other_evidence,action,reason,title_or_snippet_hypothesis,content_evidence_gap,technical_issue,internal_link_sources,internal_link_targets,conversion_next_step,priority,owner,acceptance_test,review_at_days
"https://yujihealth.com/","home","B2B manufacturer overview and product routing","feminine care OEM manufacturer; YUJI manufacturer","28d page: 83 impressions, 0 clicks, position 10.67; indexed PASS","UPDATE","Page-one-push opportunity, but production statistics and ISO/market claims need approved evidence before CTR work.","Feminine Care OEM Manufacturer | Cups, Discs & Pads | YUJI","Approved sources for 3M+, 30+ markets, factory/cleanroom scope, and product claims are missing from public evidence.","No crawl block; production differs from local candidate copy.","About; Products; Quality; Resources","/products/menstrual-cups/; /products/menstrual-discs/; /products/pads-liners/; /quality/evidence/; /contact/","Choose product, review evidence, then submit RFQ.","P1","Content + Quality/Compliance + SEO","All retained claims map to approved records; one-variable snippet baseline is logged; CTA and Contact events are measurable.","60"
"https://yujihealth.com/products/","product_hub","Compare product families and route to a product RFQ","feminine care product manufacturer; cups discs pads private label","28d page: 3 impressions, 0 clicks, position 179; indexed PASS","UPDATE","The hub has weak visibility and production includes an unsupported 80% new-buyer claim.","Feminine Care OEM Product Lines | Cups, Discs, Pads & Accessories","No approved source for 80%; accessories, wipes, pouches, and cleaning-kit boundaries need a buyer-ready matrix.","No indexability issue; low search visibility.","Home; Applications; OEM/ODM; Chinese Products","/products/menstrual-cups/; /products/menstrual-discs/; /products/pads-liners/; /resources/best-feminine-care-private-label/; /contact/","Select a category and open the matching RFQ.","P2","Content + Product + Quality/Compliance","Unsupported percentage is removed or sourced; visible product matrix matches ItemList; next steps are crawlable.","60"
"https://yujihealth.com/products/menstrual-cups/","product_page","Evaluate menstrual cup OEM capability","menstrual cup OEM manufacturer; yuji cup; menstrual cup MOQ","28d page: 26 impressions, 1 click, CTR 3.85%, position 19.96; indexed PASS","UPDATE","The first site click landed here, but production uses an unsupported 90% bundle statistic and regulatory evidence is request-only.","Menstrual Cup OEM Manufacturer | 1,000-pc Trial MOQ | YUJI","Approved material, biocompatibility, quality-system, packaging, and regulatory-scope evidence is incomplete publicly.","No crawl issue; live is HEAD and local candidate removal is not deployed.","Home; Products; Cup Sourcing Guide; How-to-Choose","/resources/menstrual-cup-oem-moq/; /resources/how-to-choose-menstrual-cup-oem/; /quality/evidence/; /contact/?product=Menstrual%20Cup","Review specification and evidence inputs, then request sample or quote.","P1","Content + Product + Quality/Compliance","90% claim is removed or evidenced; buyer specification table is accurate; 28-day click and qualified-RFQ baseline is captured.","60"
"https://yujihealth.com/products/menstrual-discs/","product_page","Evaluate menstrual disc OEM capability","menstrual disc OEM manufacturer; menstrual disc MOQ","28d page: 9 impressions, 0 clicks, position 18.00; indexed PASS","UPDATE","Page-one-push candidate with enough relevance for an evidence refresh, not a new page.","Menstrual Disc OEM Manufacturer | Private Label & MOQ Planning","Public dimensional, material, packaging, testing, and document-scope evidence is limited.","No crawl or canonical issue.","Home; Products; Cup-vs-Disc; Disc MOQ","/resources/menstrual-disc-oem-moq/; /resources/menstrual-cup-vs-disc-oem/; /quality/evidence/; /contact/?product=Menstrual%20Disc","Choose disc specification and request sample or quote.","P2","Content + Product + Quality/Compliance","Decision table and evidence boundaries are visible; internal path and conversion events pass review.","60"
"https://yujihealth.com/products/pads-liners/","product_page","Evaluate sanitary pad, liner, wipe, pouch, and accessory OEM scope","sanitary pad OEM manufacturer China; private label pads; pad materials","28d page: 14 impressions, 0 clicks, position 22.43; indexed PASS","UPDATE","Content-gap-review candidate; production has an unsupported 20% lead-time claim and weak material evidence.","Sanitary Pad & Liner OEM Manufacturer | Private Label Programs","No public approved material-stack, absorbency-test, QC, packaging, or claim-scope evidence; accessory scope is broad.","No indexability issue.","Home; Products; Applications; Private-label Pads Guide","/resources/private-label-sanitary-pads-china/; /resources/how-to-start-private-label-pad-brand/; /quality/evidence/; /contact/?product=Sanitary%20Pads","Define market, format, materials, pack count, and volume before RFQ.","P1","Content + Product + Quality/Compliance","20% claim is removed or sourced; material/specification matrix is approved; pad RFQ can be traced to qualification.","60"
"https://yujihealth.com/applications/","application_hub","Choose a sourcing approach by channel or buyer type","retail; distributor; DTC; institutional feminine care sourcing","URL Inspection: URL unknown to Google; 24 unique internal source pages in local graph","UPDATE","Discovery links already exist, so the page needs a genuinely distinct channel decision job rather than more generic copy.","Feminine Care OEM by Sales Channel | Retail, DTC & Distribution","Needs first-party channel examples, packaging gates, documentation differences, order-planning limits, and an institutional procurement path.","Not indexed: URL unknown to Google.","Home; Products; OEM/ODM; About; product pages","/products/; /quality/evidence/; /resources/feminine-care-oem-rfq-checklist/; /contact/","Select channel constraints and send a scoped RFQ.","P1","SEO + Content + Sales","Page has a unique channel matrix and approved examples; 30/60-day inspection is recorded without repeated index requests.","60"
"https://yujihealth.com/oem-odm/","service_page","Understand OEM/ODM workflow and RFQ inputs","feminine care OEM process; private label manufacturing workflow","28d page: 2 impressions, 0 clicks, position 8.00; indexed PASS","KEEP","Current intent is clear; avoid changing a low-volume page until measurement and evidence dependencies are fixed.","Keep current title; test only after enough impressions and trusted events.","Needs a real, approved stage example or redacted handoff artifact before substantive expansion.","No crawl issue.","Home; Products; Applications; About","/applications/; /quality/evidence/; /resources/feminine-care-oem-rfq-checklist/; /contact/","Prepare brief and submit OEM/ODM RFQ.","P2","Content + Operations","No unsupported claims; workflow links and RFQ route work; page is monitored in the 28-day scorecard.","60"
"https://yujihealth.com/quality/","quality_hub","Evaluate quality controls and document categories","feminine care manufacturer quality; YUJI certificates; ISO 13485 supplier","28d page: 12 impressions, 0 clicks, position 6.08; indexed PASS","UPDATE","CTR-test candidate, but quality-system, ISO Class 7, and certification-category claims need exact scope and public proof first.","Quality Controls & Buyer Evidence | YUJI Feminine Care OEM","Approved certificate scopes, issuing entities, validity, test summaries, and real QC records are not public.","No crawl issue; claim accuracy is the blocker.","Home; About; Products; OEM/ODM; Chinese Quality","/quality/evidence/; /resources/feminine-care-oem-rfq-checklist/; /contact/?product=OEM%2FODM%20mixed%20program","Review public evidence, then request the project-specific pack.","P1","Quality/Compliance + Legal + Content","Claim register and public evidence are approved; snippet test changes one variable; Contact and evidence events are measurable.","60"
"https://yujihealth.com/quality/evidence/","evidence_hub","Review public evidence and request project-specific records","menstrual product OEM evidence pack; QC records; certificate scope","URL Inspection: discovered, currently not indexed; 26 local internal sources","UPDATE","A request-only hub is not a strong proof asset; indexing and buyer trust share the same evidence dependency.","OEM Quality Evidence Pack | Documents, Scope & Review Status","Approved redacted certificate covers, real QC release samples, test summaries, owners, versions, and withdrawal dates are absent.","Discovered but not indexed.","Home; Quality; About; Products; Resources; OEM/ODM","/downloads/yuji-feminine-care-oem-line-sheet.pdf; /resources/feminine-care-oem-rfq-checklist/; /contact/?product=OEM%2FODM%20mixed%20program","Download approved evidence or request a scoped document review.","P1","Quality/Compliance + Legal + Content + Dev","At least one approved evidence set is public and versioned; download/request events work; 30/60-day inspection is recorded.","60"
"https://yujihealth.com/about/","about_page","Verify company entity and manufacturing profile","Xi'an Yuji Biotechnology; YUJI manufacturer; yuji corp","28d page: 22 impressions, 0 clicks, position 10.86; indexed PASS","UPDATE","Page-one-push opportunity, but 3M+, 16 IP assets, 45-person team, 30+ markets, factory and cleanroom figures need approved sources.","About YUJI | Xi'an Feminine Care OEM Manufacturer","Public entity registration, facility evidence, team scope, export-market definition, shipment methodology, and IP records are incomplete.","No crawl issue; production and local candidate differ.","Home; navigation; Products; Resources","/products/; /applications/; /quality/evidence/; /contact/","Verify entity and evidence, then enter the relevant product path.","P1","Content + Operations + Quality/Compliance","Every company number maps to approved evidence or is removed; the page names entity, address scope, and evidence review route.","60"
"https://yujihealth.com/resources/","resource_hub","Navigate buyer guides by procurement task","menstrual product OEM buyer resources; RFQ checklist; supplier evaluation","URL Inspection: discovered, currently not indexed; 24 local internal sources","UPDATE","The hub needs a unique guided taxonomy and complete visible/schema synchronization; local candidates are not production.","Feminine Care OEM Buyer Resources | RFQ, MOQ & Supplier Checks","Needs clear task groupings, maintenance owner, source dates, and links to approved evidence instead of a flat content list.","Discovered but not indexed.","Home; Products; About; Quality; Evidence","/resources/feminine-care-oem-rfq-checklist/; /resources/how-to-choose-menstrual-cup-oem/; /resources/how-to-start-private-label-pad-brand/; /quality/evidence/; /contact/","Choose task, complete guide, then download checklist or RFQ.","P1","SEO + Content","Visible cards, ItemList, titles, and internal links agree; three task clusters are distinct; 30/60-day inspection is recorded.","60"
"https://yujihealth.com/resources/menstrual-cup-oem-sourcing-guide/","article","Quickly screen a menstrual cup supplier","menstrual cup OEM sourcing guide; supplier screening","28d page: 1 impression, 0 clicks, position 10.00; indexed PASS","UPDATE","Separate this quick-screen role from the longer How-to-Choose process and remove blanket regulatory language.","Menstrual Cup OEM Sourcing Guide | 6 Supplier Screening Checks","Needs approved screening evidence, limitations, official regulatory sources, and a clear distinction from the detailed workflow page.","Possible intent overlap with How-to-Choose; no technical block.","Products/Cups; Resources; Cup MOQ; How-to-Choose","/resources/how-to-choose-menstrual-cup-oem/; /resources/menstrual-cup-oem-moq/; /quality/evidence/; /contact/","Use the quick screen, then open detailed due diligence or RFQ.","P2","SEO + Content + Quality/Compliance","First screen, H1, and section outline are distinct from How-to-Choose; regulatory copy passes review.","60"
"https://yujihealth.com/resources/menstrual-cup-vs-disc-oem/","comparison_article","Compare cup and disc OEM program choices","menstrual cup vs menstrual disc OEM","28d page: 4 impressions, 0 clicks, position 6.50; indexed PASS","KEEP","Intent is distinct and current volume is below the CTR-test threshold; preserve baseline and improve evidence links only.","Keep current comparison positioning; no title test yet.","Comparison criteria need approved source/measurement notes and product evidence links.","No crawl issue.","Products/Cups; Products/Discs; Applications; Resources","/products/menstrual-cups/; /products/menstrual-discs/; /quality/evidence/; /contact/","Choose cup or disc program and continue to the matching RFQ.","P2","Content + Product","No unsupported comparison claim; evidence and product links work; baseline is reviewed at 60 days.","60"
"https://yujihealth.com/resources/menstrual-cup-oem-moq/","article","Understand cup MOQ variables","menstrual cup OEM MOQ; trial order planning","28d page: 6 impressions, 0 clicks, position 7.00; indexed PASS","UPDATE","CTR-test candidate after claims/measurement; existing percentage size mix must be labeled as an example, not buyer fact.","Menstrual Cup OEM MOQ | Size, Color & Packaging Variables","Needs source/status for 1,000-pc reference and clear labeling for illustrative S/M/L mix.","No crawl issue.","Products/Cups; Sourcing Guide; Resources","/resources/feminine-care-oem-rfq-checklist/; /quality/evidence/; /contact/?product=Menstrual%20Cup","Turn MOQ variables into a completed RFQ brief.","P2","Content + Sales + Quality/Compliance","Illustrative data is labeled; trial MOQ has owner-approved scope; one-variable test and RFQ event are logged.","60"
"https://yujihealth.com/resources/feminine-care-oem-rfq-checklist/","article_tool","Prepare an OEM RFQ","feminine care OEM RFQ checklist; supplier questions","28d page: 8 impressions, 0 clicks, position 4.63; indexed PASS","UPDATE","Highest-intent CTR-test page; should become a measurable worksheet/download path after analytics approval.","Feminine Care OEM RFQ Checklist | Download & Send Your Brief","Needs proof that fields reflect real sales qualification and a maintained version/date owner.","No crawl issue; download and form-start events are absent.","Products; Applications; Quality; Evidence; OEM/ODM","/downloads/yuji-feminine-care-rfq-checklist.txt; /quality/evidence/; /contact/","Download, complete, and submit the RFQ.","P1","Content + Sales + Data","Checklist fields map to qualification; download/form-start/submit/delivery events are tested; no PII enters analytics.","60"
"https://yujihealth.com/resources/menstrual-disc-oem-moq/","article","Understand disc MOQ variables","menstrual disc OEM MOQ","28d page: 7 impressions, 0 clicks, position 7.71; indexed PASS","UPDATE","CTR-test candidate, but sample remains small; add buyer completeness before changing title.","Menstrual Disc OEM MOQ | Tooling, Color & Packaging Variables","Needs approved MOQ scope, material/testing inputs, and a comparison to cup program variables.","No crawl issue.","Products/Discs; Cup-vs-Disc; Resources","/resources/menstrual-cup-vs-disc-oem/; /resources/feminine-care-oem-rfq-checklist/; /contact/?product=Menstrual%20Disc","Prepare disc variables and submit RFQ.","P2","Content + Sales + Quality/Compliance","Approved MOQ boundary and comparison are visible; 28-day test begins only after tracking validation.","60"
"https://yujihealth.com/resources/private-label-sanitary-pads-china/","article","Plan a private-label sanitary pad program in China","private label sanitary pads China; sanitary pad OEM","28d page: 4 impressions, 0 clicks, position 6.50; indexed PASS","UPDATE","Preserve the relevant pad intent, clarify smart-pad non-fit, and replace blanket FDA/CE wording with product-specific review.","Private Label Sanitary Pads in China | OEM Buyer Guide","Needs material-stack evidence, claim boundaries, official regulatory sources, and a reviewed non-fit statement for sensor/smart pads.","No crawl issue.","Products/Pads; Applications; Resources","/resources/how-to-start-private-label-pad-brand/; /resources/best-sanitary-pad-oem-china/; /quality/evidence/; /contact/?product=Sanitary%20Pads","Confirm conventional pad scope and submit a product brief.","P1","Content + Product + Quality/Compliance","Regulatory copy is approved and dated; non-fit intent is explicit; internal and RFQ paths work.","60"
"https://yujihealth.com/resources/best-menstrual-cup-manufacturers-china/","article","Evaluate menstrual cup manufacturers using a shortlist framework","best menstrual cup manufacturers China","Indexed PASS; no visible 28d page row; production has 1 internal source and local candidate has 2","UPDATE","A self-interested Best page requires a transparent method, conflict disclosure, and corrected FDA/CE/ISO guidance.","How to Compare Menstrual Cup Manufacturers in China | Buyer Criteria","No independent verification, current manufacturer dataset, scoring source, or approved YUJI evidence; 510(k) wording is overbroad.","Weak contextual inlinks; no index block.","Resources; How-to-Choose; Products/Cups","/resources/how-to-choose-menstrual-cup-oem/; /quality/evidence/; /products/menstrual-cups/; /contact/","Apply the criteria and request verifiable YUJI evidence.","P1","Content + Quality/Compliance + Legal","Method, inclusion rules, conflicts, sources, and review date are visible; no unverifiable best claim remains.","90"
"https://yujihealth.com/resources/best-sanitary-pad-oem-china/","article","Evaluate sanitary pad OEM suppliers","best sanitary pad OEM China","28d page: 1 impression, 0 clicks, position 48; production has 1 internal source and local candidate has 3","UPDATE","Current visibility is observation-level; rewrite regulatory claims and comparison method before pursuing CTR.","How to Compare Sanitary Pad OEM Factories in China | Buyer Criteria","No independent supplier dataset; blanket CE/FDA/cosmetics language and certification benchmarks need correction.","Weak contextual inlinks; no crawl issue.","Resources; Products/Pads; How-to-Start","/resources/how-to-start-private-label-pad-brand/; /quality/evidence/; /products/pads-liners/; /contact/","Use criteria and submit a pad RFQ with material requirements.","P1","Content + Quality/Compliance + Legal","Method and conflict disclosure are visible; regulatory sections cite current official sources and owner review date.","90"
"https://yujihealth.com/resources/best-feminine-care-private-label/","article","Compare cross-category private-label suppliers","best feminine care private label suppliers China","Indexed PASS; no visible 28d page row; production has 0 internal sources and local candidate has 2","UPDATE","Cross-category regulatory recommendations are overgeneralized and the page needs a transparent comparison model.","How to Compare Feminine Care Private Label Suppliers | Buyer Framework","No independent dataset or evidence for category-wide ISO/FDA/CE benchmarks; product classes differ materially.","Weak contextual inlinks; no crawl issue.","Products Hub; Resources","/products/; /quality/; /quality/evidence/; /contact/","Choose category-specific due diligence and submit a mixed-program RFQ.","P1","Content + Quality/Compliance + Legal","Product-specific boundaries, sources, method, conflicts, and review date are present.","90"
"https://yujihealth.com/resources/how-to-choose-menstrual-cup-oem/","how_to_article","Run detailed menstrual cup OEM due diligence","how to choose menstrual cup OEM manufacturer","28d page: 1 impression, 0 clicks, position 5; production has 0 internal sources and local candidate has 3","UPDATE","The sample is too small for CTR action, but FDA-recognized compounder, ISO Class 7/8 typical, 510(k), and CE claims require correction.","How to Choose a Menstrual Cup OEM | Due-Diligence Workflow","Needs approved material terminology, official market sources, evidence examples, and distinction from the quick sourcing guide.","Possible intent overlap; no crawl issue.","Products/Cups; Resources; Sourcing Guide","/resources/best-menstrual-cup-manufacturers-china/; /resources/menstrual-cup-oem-moq/; /quality/evidence/; /contact/","Complete due diligence and request product-specific documents.","P1","Content + Quality/Compliance + Legal","Regulatory and cleanroom wording passes review; workflow is distinct; evidence examples are approved.","60"
"https://yujihealth.com/resources/how-to-start-private-label-pad-brand/","how_to_article","Plan a private-label pad launch","how to start private label sanitary pad brand","28d page: 2 impressions, 0 clicks, position 7.50; production has 0 internal sources and local candidate has 2","UPDATE","Content role is useful, but it explicitly says EU importers need CE marking and uses overbroad FDA/cosmetics language.","How to Start a Private Label Pad Brand | OEM Planning Checklist","Needs product-specific official regulatory sources, material/label evidence, cost inputs, and maintained legal review.","Weak contextual inlinks; no crawl issue.","Products/Pads; Resources; Private-label Pads Guide","/resources/best-sanitary-pad-oem-china/; /resources/feminine-care-oem-rfq-checklist/; /quality/evidence/; /contact/","Complete market/product/packaging inputs and submit pad RFQ.","P1","Content + Quality/Compliance + Legal + Sales","Blanket CE/FDA statements are removed; review date and official sources are visible; worksheet path is measurable.","60"
"https://yujihealth.com/contact/","contact_page","Submit a structured B2B RFQ","feminine care OEM quote; request sample; contact YUJI","28d page: 12 impressions, 0 clicks, position 6.33; indexed PASS; live form exists","UPDATE","CTR-test page and primary conversion, but only client submit is measured and delivery/qualification are unknown.","Request a Feminine Care OEM Quote | Specs, Samples & Documents","Needs verified response SLA, post-submit expectations, delivery state, qualification rules, and evidence-request outcomes.","No crawl issue; analytics truth and server-side outcome logging are incomplete.","All product, quality, resource, and navigation paths","/resources/feminine-care-oem-rfq-checklist/; /quality/evidence/; /api/contact/","Submit RFQ, confirm provider acceptance, and enter qualification.","P1","Dev + Data + Sales + Content","Approved events and controlled delivery test pass without PII; response/qualification owner is documented.","30"
"https://yujihealth.com/privacy/","policy_page","Explain inquiry and analytics data handling","privacy; business inquiry data","28d page: 2 impressions, 0 clicks, position 1; indexed PASS","KEEP","Policy copy should remain stable; reconcile it only after the analytics account decision.","No SEO snippet experiment.","Needs owner confirmation that production analytics behavior and retention match the notice.","No crawl issue; configuration note contradicts enabled state.","Footer; Contact","/contact/","Support informed inquiry submission, not search growth.","P1","Legal + Data","Privacy, analytics configuration, provider behavior, and retention statement are consistent and dated.","30"
"https://yujihealth.com/terms/","policy_page","Explain site terms","terms","28d page: 1 impression, 0 clicks, position 6; indexed PASS","KEEP","No search or business case for a content experiment.","No title or snippet test.","No material SEO evidence gap.","No crawl issue.","Footer","/privacy/; /contact/","No direct conversion objective.","P3","Legal","Status, contact links, and review date remain accurate.","90"
"https://yujihealth.com/zh/","chinese_home","Chinese manufacturer overview","裕吉生物; 女性护理 OEM 中国","Indexed PASS; no Chinese conversion export","UPDATE","Chinese production repeats 3M+, 30+ markets, factory, and ISO Class 7 claims without the approved evidence chain.","裕吉生物｜月经杯、经期盘与卫生巾 OEM/ODM","Needs Chinese claim register parity, entity evidence, market scope, and a measured inquiry path.","No crawl issue; hreflang reciprocal with English Home and x-default present.","English Home; Chinese navigation","/zh/products/; /zh/oem-odm/; /zh/quality/; /zh/contact/","Choose Chinese product/service path and send a measurable inquiry.","P1","Chinese Content + Quality/Compliance + Sales","All translated claims match the approved English register; mother-tongue QA and conversion test pass.","60"
"https://yujihealth.com/zh/products/","chinese_product_hub","Chinese product-family overview","女性护理产品代工; 月经杯卫生巾 OEM","Indexed PASS; no Chinese conversion export","UPDATE","Production contains the unsupported 80% new-buyer claim; demand is not proven enough to expand into more Chinese URLs.","女性护理 OEM 产品｜月经杯、经期盘、卫生巾与配件","Needs approved product boundaries, MOQ scope, evidence links, and demand/lead data.","No crawl issue; reciprocal hreflang; x-default absent.","/zh/; Chinese navigation","/zh/contact/; /zh/oem-odm/; /zh/quality/","Select product and send a Chinese RFQ.","P1","Chinese Content + Sales + Quality/Compliance","80% claim is removed or evidenced; mother-tongue QA and inquiry ownership are documented.","60"
"https://yujihealth.com/zh/oem-odm/","chinese_service_page","Chinese OEM/ODM workflow","女性护理 OEM ODM 流程","Indexed PASS; no Chinese conversion export","KEEP","Maintain the existing page until Chinese demand and sales coverage are measured.","Keep current task; no expansion test yet.","Needs an approved local-language process example and claim-parity review.","No crawl issue; reciprocal hreflang; x-default absent.","/zh/; Chinese navigation","/zh/products/; /zh/quality/; /zh/contact/","Prepare and send Chinese OEM/ODM inquiry.","P2","Chinese Content + Sales","Mother-tongue QA and response owner exist; no claim drift from English pages.","60"
"https://yujihealth.com/zh/quality/","chinese_quality_hub","Chinese quality and evidence overview","女性护理代工质量体系; 洁净车间","Indexed PASS; no Chinese conversion export","UPDATE","ISO Class 7 and ISO 13485 wording must match the approved claim register and public evidence.","质量体系与买家证据｜裕吉女性护理 OEM","Needs certificate/cleanroom scope, issuing evidence, validity dates, and Chinese explanation of limitations.","No crawl issue; reciprocal hreflang; x-default absent.","/zh/; /zh/products/; /zh/oem-odm/","/quality/evidence/; /zh/contact/","Review evidence boundaries and request a Chinese document pack.","P1","Quality/Compliance + Chinese Content","Chinese and English quality claims are identical in scope and evidence; links and inquiry path pass QA.","60"
"https://yujihealth.com/zh/contact/","chinese_contact_page","Send a Chinese inquiry","中文询价; 女性护理 OEM 报价","Indexed PASS; production is mailto-only; structured form is local candidate only","UPDATE","A reviewed form could improve attribution, but it must not be treated as live until Sales, Privacy, delivery, and analytics are validated.","中文询盘｜获取产品规格、样品与 OEM 报价","Needs response SLA, qualification ownership, privacy alignment, and controlled delivery proof.","Production/local divergence; reciprocal hreflang; x-default absent.","/zh/; all Chinese navigation pages","/resources/feminine-care-oem-rfq-checklist/; /quality/evidence/; /contact/","Submit Chinese RFQ and record delivery/qualification separately.","P1","Dev + Data + Chinese Sales + Legal","Controlled form delivery, privacy, events, and response ownership pass; otherwise mailto remains the fallback.","60"
